{"cameraMode":{"drawMode":0,"name":"Shaded","section":"Shading Mode"},"sceneLighting":false,"audioPlay":false,"sceneViewState":{"showFog":true,"showMaterialUpdate":true,"showSkybox":false,"showFlares":true,"showImageEffects":true,"showParticleSystems":true,"showVisualEffectGraphs":true,"m_FxEnabled":true},"in2DMode":false,"pivot":{"x":-0.08102668821811676,"y":-0.20847207307815553,"z":-0.1958368420600891},"rotation":{"x":0.00283099920488894,"y":-0.9525092244148254,"z":0.3043905198574066,"w":0.008849402889609337},"size":0.6548281908035278,"orthographic":false}