{"cameraMode":{"drawMode":0,"name":"Shaded","section":"Shading Mode"},"sceneLighting":true,"audioPlay":false,"sceneViewState":{"showFog":true,"showMaterialUpdate":true,"showSkybox":true,"showFlares":true,"showImageEffects":true,"showParticleSystems":true,"showVisualEffectGraphs":true,"m_FxEnabled":true},"in2DMode":false,"pivot":{"x":924.0764770507813,"y":1036.6002197265625,"z":-5.694089412689209},"rotation":{"x":-0.06475944817066193,"y":-0.012876816093921662,"z":0.0008275290601886809,"w":-0.9978297352790833},"size":336.6585998535156,"orthographic":false}